delay,embed,DIV,LAM,Vmax,VENTR,Lmax,MRT,NMPRT,RR,RTE,TT,L,ENTR,DET,TREND
219,2,0.00015569048731122528,0.031026138935915635,100.0,2.8449398996742388,6423.0,447.9363981867302,1890.0,0.05000000969430182,4.915323555933412,57.21090259159964,216.42729970326408,5.783054313745985,0.919039413380067,-0.011817042034360636
